url	date	content	retweetCount	likeCount	quoteCount
https://twitter.com/gobackto505/status/1345773851607769094	2021-01-03 16:47:44+00:00	01/01/2021 - bucet√£o no morro 03/01/2021 - h√°bitos de leitura das outras pessoas: mera ofensa ou merece pena de morte?	510	3985	1289
https://twitter.com/gobackto505/status/1346223783393320961	2021-01-04 22:35:36+00:00	04/01/2021 - com a crise econ√¥mica, saiba como substituir coca√≠na por a√ß√∫car	49	1018	17
https://twitter.com/gobackto505/status/1346556175312105474	2021-01-05 20:36:24+00:00	05/01/2021 - acreditar em signos √© igual ser anti vax	45	1047	60
https://twitter.com/gobackto505/status/1346909404520595457	2021-01-06 20:00:01+00:00	06/01/2021 - a alexandrismos est√° para a gordofobia assim como a anitta est√° para o funk	27	730	19
https://twitter.com/gobackto505/status/1347239457645350915	2021-01-07	07/01/2021 - A institui√ß√£o Mulher Branca √© a exist√™ncia mais perigosa que existe para pessoas pretas nesse pa√≠s	22	606	51
https://twitter.com/gobackto505/status/1347145844043218945	2021-01-07 11:39:32+00:00	06/01/2021 parte dois - pessoas que fariam a joice hasselmann achando errado piada com ‚Äúfaria o viking do capit√≥lio?‚Äù pois ‚Äútudo tem limite‚Äù	27	690	46
https://twitter.com/gobackto505/status/1347553261683924993	2021-01-08 14:38:28+00:00	08/01/2021 - Ana Maria Braga de dreads	19	600	13
https://twitter.com/gobackto505/status/1347959638642356226	2021-01-09 17:33:16+00:00	09/01/2021 - pessoas que s√≥ m√£e segue no twitter dizendo "n√£o pode rir do trimp perdendo a conta porque v√£o fazer isso com a gente"	14	428	2
https://twitter.com/gobackto505/status/1348576850679902209	2021-01-11 10:25:51+00:00	10/01/2021 - Armie Hammer canibal	27	462	103
https://twitter.com/gobackto505/status/1349048787055075328	2021-01-12 17:41:09+00:00	11/01/2021 - gente com emprego e renda divulgando o cpf nos stories pra ganhar 10 centavos de estranhos	54	864	47
https://twitter.com/gobackto505/status/1349049037421469701	2021-01-12 17:42:09+00:00	12/01/2021 - Azealia Banks fez um ritual religioso e n√£o s√≥ desenterrou seu gato como o racismo das redes	26	572	26
https://twitter.com/gobackto505/status/1349402406958882830	2021-01-13 17:06:19+00:00	13/01/2021 - ser√° que com sal√°rio de tchums d√° pra viver em buceido e ter qualidade de vida?	5	258	1
https://twitter.com/gobackto505/status/1349402669782331394	2021-01-13 17:07:21+00:00	13/01/2021 - tudo bem se ela sofreu abuso moral e sexual se ela √© branca e tem a fam√≠lia estruturada, n√£o √© pra ter pena n√£o	17	500	35
https://twitter.com/gobackto505/status/1349846260740726785	2021-01-14 22:30:02+00:00	14/01/2021 - mais um dia de desgra√ßa desse pa√≠s que a culpa √© de todo mundo menos dos agentes do governo federal, o tuiteiro √© dod√≥i assim mesmo	11	381	1
https://twitter.com/gobackto505/status/1350169222354235395	2021-01-15 19:53:22+00:00	15/01/2021 - A Anitta cobrou o governo em vez de dar dinheiro pra comprar algo que √© obriga√ß√£o do governo agilizar e isso virou uma grande quest√£	19	510	6
https://twitter.com/gobackto505/status/1350503978774224898	2021-01-16 18:03:34+00:00	16/01/2021 - A Vida de Tina e a culpa burguesa	8	372	22
https://twitter.com/gobackto505/status/1350870288800624643	2021-01-17 18:19:09+00:00	17/01/2021 - vacina n√£o √© a solu√ß√£o pra COVID e d√≥ria √© acima de tudo, pol√≠tico de carreira	4	256	0
https://twitter.com/gobackto505/status/1351287873425846276	2021-01-18 21:58:29+00:00	18/01/2021 - z√© de abreu falando que prefere se ***** a votar no d√≥ria e todas as implica√ß√µes diretas disso na "esquerda"	3	209	0
https://twitter.com/gobackto505/status/1351567596944936960	2021-01-19 16:30:00+00:00	19/01/2021 - o boquinha de chuteira presidenci√°vel era muambeiro e corno ao mesmo tempo	6	250	7
https://twitter.com/gobackto505/status/1351954544230625280	2021-01-20 18:07:36+00:00	20/01/2021 - joe biden tamb√©m √© ruim e voc√™s s√£o BURROS de comprar baboseira estadunidense	17	396	3
https://twitter.com/gobackto505/status/1352604516592611328	2021-01-22 13:10:21+00:00	21/01/2021 - perfil verificado influenciando fam√≠lia a remover administrador de perfil de participante do BBB porque foi chamada de chata por eles, alegando que isso √© racismo	11	281	20
https://twitter.com/gobackto505/status/1352664322737102850	2021-01-22 17:08:00+00:00	22/01/2021 - o bolo de livro de gabriela gabrioli e a briga do psol em pleno twitter	7	277	13
https://twitter.com/gobackto505/status/1352753127292887040	2021-01-22 23:00:53+00:00	22/01/2021 - A Capital Do Nordeste √â S√£o Paulo	16	337	25
https://twitter.com/gobackto505/status/1353008707798491145	2021-01-23 15:56:28+00:00	23/01/2021 - Felipe Neto DETONA leituras obrigat√≥rias e diz "parem de umbiguismo"	6	258	15
https://twitter.com/gobackto505/status/1353477897697288193	2021-01-24 23:00:51+00:00	24/01/2021 - sushi de dia, casa de swing de noite	16	269	13
https://twitter.com/gobackto505/status/1353746532416315392	2021-01-25 16:48:19+00:00	25/01/2021 - as netas de jair k rowling mais uma vez falando merda sobre transexuais e afins	8	308	28
https://twitter.com/gobackto505/status/1354095943633825792	2021-01-26 15:56:45+00:00	26/01/2021 - a falta de interpreta√ß√£o de texto levou pessoas p√∫blicas &amp; afins a achar que o presidente gastou 15 bucetilh√µes de reais em leite condensado s√≥ pra ele, E DETALHE, propagaram isso	17	322	25
https://twitter.com/gobackto505/status/1354489175945392132	2021-01-27 17:59:19+00:00	27/01/2021 - sotaques e suas NUANCES (por causa de um participante do BBB que fala igual o nerso da capitinga)	9	307	11
https://twitter.com/gobackto505/status/1354864924107960322	2021-01-28	28/01/2021 - os caras do reddit que deram um pau, um CACETE no mercado financeiro	17	455	72
https://twitter.com/gobackto505/status/1355862122664755203	2021-01-31 12:54:55+00:00	29/01/2021 e 30/01/2021 - voc√™ bobeou e Karol Conk√° foi escrota mais uma vez	5	286	10
https://twitter.com/gobackto505/status/1355950803048132608	2021-01-31 18:47:18+00:00	31/01/2021 - n√£o pode punir a Karol Conk√° por ela ser escrota porque ela √© negra e isso custaria a carreira dela	14	341	9
https://twitter.com/gobackto505/status/1356359379566604289	2021-02-01 21:50:50+00:00	01/02/2021 - de novo a karol conk√° sendo extremamente sebosa e nojenta, ela acabou com o nosso entretenimento	5	200	2
https://twitter.com/gobackto505/status/1357357298050605060	2021-02-04 15:56:12+00:00	02/02/2021 - teoria da conspira√ß√£o de que Boninho fez um time com pessoas que se denominam militantes para elas pisarem na bola e assim queimar a imagem da milit√¢ncia de esquerda no Brasil	38	449	72
https://twitter.com/gobackto505/status/1357357406297161732	2021-02-04 15:56:38+00:00	03/02/2021 - n√£o pode rir dos memes da lumena e da karol conk√° se √© branco	5	248	1
https://twitter.com/gobackto505/status/1357357533225172992	2021-02-04 15:57:09+00:00	04/02/2021 - se voc√™ √© um homem grande √© imposs√≠vel ser assediado	5	201	5
https://twitter.com/gobackto505/status/1357831690819952641	2021-02-05 23:21:17+00:00	05/02/2021 - Usu√°rios do twitter criticam BBB's por falarem que Gilberto n√£o √© negro sendo que fazem a mesma coisa aqui todos os dias	22	396	25
https://twitter.com/gobackto505/status/1358177497666490372	2021-02-06 22:15:23+00:00	06/02/2021 - Carla Diaz e o racismo estrutural atrav√©s da deslegitima√ß√£o de ship	19	322	30
https://twitter.com/gobackto505/status/1358459940290060288	2021-02-07 16:57:43+00:00	07/02/2021 - Uma l√©sbica, especialista em g√™nero e sexualidade que se identifica como militante foi bif√≥bica no big brother e os militantes do twitter querem fingir que ela n√£o √© militante de verdade pra n√£o assumir o BO	14	333	12
https://twitter.com/gobackto505/status/1359256803343753222	2021-02-09 21:44:10+00:00	08/02/2021 - como faz pra viver em um pa√≠s onde n√£o tem ningu√©m comentando BBB?  09/02/2021 - Karol Conk√° segue abusando psicologicamente de participantes diversos no BBB21	7	230	16
https://twitter.com/gobackto505/status/1359999680596353025	2021-02-11 22:56:06+00:00	11/02/2021 - haddad usando neuroat√≠pico como xingamento e levantando a discuss√£o: pra ser de esquerda precisa ser bombado?	6	204	8
https://twitter.com/gobackto505/status/1360400515352428546	2021-02-13 01:28:52+00:00	12/02/2021 - shonda rhimes negativa da kendall jenner	1	112	1
https://twitter.com/gobackto505/status/1361007497256062982	2021-02-14 17:40:48+00:00	13/02/2021 - quem fala "mil ao contr√°rio" quando vai soletrar n√∫mero de cnpj √© rico	19	319	58
https://twitter.com/gobackto505/status/1361350723427041281	2021-02-15 16:24:39+00:00	15/02/2021 - um cara de coque samurai falou que o brasil t√° do jeito que t√° (h√° 500 anos) porque as pessoas assistem BBB h√° tr√™s semanas	25	359	11
https://twitter.com/gobackto505/status/1361830139961696256	2021-02-17 00:09:41+00:00	16/02/2021 - Lumena causou danos IRREPAR√ÅVEIS aos movimentos sociais	9	296	24
https://twitter.com/gobackto505/status/1362117072197681152	2021-02-17 19:09:51+00:00	17/02/2021 - tem que respeitar o g√™nero dos servi√ßos de streaming / a disney quer HUMANIZAR uma mulher que mata cachorro pra fazer casaco / tem que acolher o nego di e n√£o pode rir da pris√£o do careca musculoso	22	310	29
https://twitter.com/gobackto505/status/1362494298860748804	2021-02-18 20:08:49+00:00	18/02/2021 - seu diploma n√£o vale nada e quanto mais r√°pido vc entender isso mais r√°pido poderemos te contratar de forma precarizada	27	347	9
https://twitter.com/gobackto505/status/1363056778360082432	2021-02-20 09:23:54+00:00	19/02/2021 - VOC√äS que assistem BBB promovem a carnificina (pol√™mica ap√≥s dois participantes se estabacarem em uma prova do l√≠der)	5	222	16
https://twitter.com/gobackto505/status/1363298588026146818	2021-02-21 01:24:46+00:00	20/02/2021 - tatuagem no cy	28	281	37
https://twitter.com/gobackto505/status/1363831790625038338	2021-02-22 12:43:32+00:00	21/02/2021 - √© nosso dever acolher karol conk√°	3	169	11
https://twitter.com/gobackto505/status/1363991071588515844	2021-02-22 23:16:27+00:00	22/02/2021  - judith butler √© radfem	2	148	12
https://twitter.com/gobackto505/status/1364424582082531328	2021-02-24 03:59:04+00:00	23/02/2021 - a empatia virou uma publi da amstel	20	240	14
https://twitter.com/gobackto505/status/1365087076081885187	2021-02-25 23:51:35+00:00	24/02/2021 - devemos acolher karol conk√° chega de √≥dio   25/02/2021 - n√£o acredito que karol conk√° disse que ela n√£o foi xenof√≥bica com a juliette mesmo com V√çDEOS provando!	11	208	9
https://twitter.com/gobackto505/status/1365665729350148098	2021-02-27 14:10:57+00:00	26/02/2021 - soci√≥loga brasileira diz: parem de normalizar m√°scaras de tecido	6	146	3
https://twitter.com/gobackto505/status/1366392918857154562	2021-03-01 14:20:32+00:00	01/03/2021 - a Sarah seguia o bolsonaro no instagram porque ela trabalhava com marketing digital	12	243	13
https://twitter.com/gobackto505/status/1366805078145982468	2021-03-02 17:38:19+00:00	02/03/2021 - o gay que exp√¥s uma outra gay que falou mal de gays sem camisa  um homem h√©tero impressionado que a namorada gasta muito papel visto que mulheres secam a prexevs depois de mijar	12	231	6
https://twitter.com/gobackto505/status/1367207194995937284	2021-03-03 20:16:11+00:00	03/03/2021 - √© bom ter um plano de fuga do pa√≠s hein se n√£o tiver que se foda vc	11	226	5
https://twitter.com/gobackto505/status/1367478551180697603	2021-03-04 14:14:27+00:00	04/03/2021 - um idiota da fam√≠lia v√¥lei quer devolver o mam√£o depois de apertar e andou falando merda	1	110	1
https://twitter.com/gobackto505/status/1367646008407171075	2021-03-05 01:19:52+00:00	04/03/2021 - RETIFICADO poligamia x monogamia	7	225	19
https://twitter.com/gobackto505/status/1367918876286140419	2021-03-05 19:24:09+00:00	05/03/2021 - bols***** gente bon√≠ssima, √© claro que a sarah GOSTA dele mas se arrepende do voto	4	136	3
https://twitter.com/gobackto505/status/1368909322802102273	2021-03-08 12:59:50+00:00	07/03/2021 - os partidos de esquerda PT, PSOL, PCdoB e Ciro Gomes	13	194	3
https://twitter.com/gobackto505/status/1369037825421742080	2021-03-08 21:30:27+00:00	08/03/2021 - radfem reclamando que o lula ofuscou o dia das mulheres	22	258	35
https://twitter.com/gobackto505/status/1369326644863905800	2021-03-09	09/09/2021 - a elite n√£o suporta EXCE√á√ïES (sobre lula? n√£o, carpinejar sobre juliette no BBB)	5	84	5
https://twitter.com/gobackto505/status/1369803076819943425	2021-03-11 00:11:17+00:00	10/03/2021 - uma radfem destruiu as maquilagens dela e por isso o patriarcado acabou, estamos livres	28	355	59
https://twitter.com/gobackto505/status/1370129183007969283	2021-03-11 21:47:07+00:00	11/03/2021 - algu√©m falou mal do sus de forma ignorante	1	137	1
https://twitter.com/gobackto505/status/1370533730150985732	2021-03-13 00:34:39+00:00	12/03/2021 - pessoas ofendidas porque algu√©m falou no big brother que conheceu algu√©m que passou f√°cil em concurso p√∫blico	7	146	4
https://twitter.com/gobackto505/status/1370811046265565195	2021-03-13 18:56:36+00:00	13/03/2021 - n√£o pode chamar a esposa de minha mulher	19	232	12
https://twitter.com/gobackto505/status/1371590763067420676	2021-03-15 22:34:55+00:00	15/03/2021 - produtor musical que escreveu m√∫sica sobre cy e biceta falando mal de funk / taylor swift respons√°vel por todo o racismo estrutural da ind√∫stria musical / a igreja cat√≥lica √© uma institui√ß√£o homof√≥bica	12	220	14
https://twitter.com/gobackto505/status/1371885679869898753	2021-03-16 18:06:49+00:00	16/03/2021 - quem usa e recomenda pff2 √© elitista	21	313	40
https://twitter.com/gobackto505/status/1372719835700944896	2021-03-19 01:21:27+00:00	18/03/2021 - toda morte √© triste	8	120	1
https://twitter.com/gobackto505/status/1373308282375389186	2021-03-20 16:19:44+00:00	19/03/2021 - A monogamia higieniza a bissexualidade	11	182	31
https://twitter.com/gobackto505/status/1373623536938532864	2021-03-21 13:12:26+00:00	20/03/2021 - ningu√©m avisou que o presidente ia matar geral, s√≥ que ele ia matar gays e negros	88	529	32
https://twitter.com/gobackto505/status/1373752801126445061	2021-03-21 21:46:05+00:00	21/03/2021 - ‚úãüèº se voc√™ compartilhou o post 7 motivos para acreditar que isso tudo est√° acabando voc√™ √© igual o bolsonaro üòî	3	158	4
https://twitter.com/gobackto505/status/1374145606281789441	2021-03-22 23:46:57+00:00	22/03/2021 - 7k n√£o √© suficiente pra sustentar uma fam√≠lia (n√£o disse ONDE nem QUAL fam√≠lia)	7	206	3
https://twitter.com/gobackto505/status/1374818529728458752	2021-03-24 20:20:55+00:00	23/03/2021 - n√£o ou√ßa SZA se voc√™ √© branco  24/03/2021 - an√°lises acertadas sobre feminismo e relacionamento abusivo porque uma participante de reality show foi eliminada por ser tansa	7	204	14
https://twitter.com/gobackto505/status/1375195603555258378	2021-03-25 21:19:16+00:00	25/03/2021 - os calouros da FGV entenderam errado uma atividade que deveriam fazer e acabaram pedindo v√≠deos de apoio para celebridades diversas	44	518	122
https://twitter.com/gobackto505/status/1375541801482866695	2021-03-26 20:14:56+00:00	26/03/2021 - fulana da fgv rica fila da p	11	204	4
https://twitter.com/gobackto505/status/1375949047803097089	2021-03-27 23:13:11+00:00	27/03/2021 - a vida de tina faz parte da direita rea√ßon√°ria e √© uma estrat√©gia para descredibilizar a esquerda nas elei√ß√µes de 2022	19	255	15
https://twitter.com/gobackto505/status/1376312540955873282	2021-03-28 23:17:35+00:00	28/03/2021 - o mesmo de ontem	0	124	1
https://twitter.com/gobackto505/status/1377365538846998548	2021-03-31 21:01:49+00:00	31/03/2021 - uma paulista achando ruim quem vai de short pra faculdade	8	193	10
https://twitter.com/gobackto505/status/1378473422171353094	2021-04-03 22:24:09+00:00	03/04/2021 - n√£o pode julgar a galera na balada de j***** porque o governo n√£o est√° fazendo nada, n√£o podemos focar no individual	4	126	3
https://twitter.com/gobackto505/status/1379818088649097220	2021-04-07 15:27:22+00:00	07/04/2021 - o brasileiro morrendo e voc√™s falando de racismo, tem pautas mais urgente	8	156	6
https://twitter.com/gobackto505/status/1380278821014933506	2021-04-08 21:58:09+00:00	08/04/2021 - de novo a dani bossa falando merda (dessa vez foi sobre TDAH)	2	108	4
https://twitter.com/gobackto505/status/1381299128047648774	2021-04-11 17:32:30+00:00	11/04/2021 - se voc√™ √© contra o rebranding de karol conk√° voc√™ rompeu 3 conven√ß√µes de genebra e √© a favor de tudo de ruim	10	253	5
https://twitter.com/gobackto505/status/1381606325063409667	2021-04-12	12/04/2021 - um bando de tonto que se diz de esquerda falando que pff2 √© hype de consumismo e causa danos ambientais s√≥ porque jo√£o amoedo fez campanha pela distribui√ß√£o dessas m√°scaras	15	240	6
https://twitter.com/gobackto505/status/1382391894454505473	2021-04-14 17:54:45+00:00	14/04/2021 - mais um voto de t√°bata amaral que ningu√©m entendeu e a dona do airbnb que √© contra suruba e consequentemente s√≠mbolo da extrema direita no brasil	50	468	61
https://twitter.com/gobackto505/status/1382847332572618753	2021-04-16 00:04:30+00:00	15/04/2021 - colocaram uma pessoa e uma radfem pra conversar e n√£o surpreendeu ningu√©m que a radfem fora da internet n√£o soube falar nada com nada	35	449	41
https://twitter.com/gobackto505/status/1384646246049136640	2021-04-20	20/04/2021 - a esquerda precisa ressignificar o gamer (traduzindo = precisam apoiar eu entrando em mais um nicho pra produzir conte√∫do e fingir que entendo de tudo)	8	133	1
https://twitter.com/gobackto505/status/1385038009813422081	2021-04-22 01:09:28+00:00	21/04/2021 - se bruno covas n√£o tivesse se candidatado a reelei√ß√£o, guilherme boulos seria o prefeito de s√£o paulo agora	8	172	4
https://twitter.com/gobackto505/status/1385347279977164803	2021-04-22 21:38:24+00:00	22/04/2021 - uma pessoa liberal disse que √© liberal	1	124	7
https://twitter.com/gobackto505/status/1386057963484459015	2021-04-24 20:42:24+00:00	24/04/2021 - lgbt‚Äôs fazendo publi contra ass√©dio de um rob√¥ mal calibrado que pertence a um banco cujo qual o dono estava dando janta para o presidente semana retrasada	25	321	29
https://twitter.com/gobackto505/status/1386465223201206275	2021-04-25 23:40:43+00:00	25/04/2021 - amazon incentivando crime ambiental ao colocar uma caranguejeira no comercial deles e INSINUAR que v√£o matar ela com uma vassoura	8	174	8
https://twitter.com/gobackto505/status/1387153749190356995	2021-04-27 21:16:40+00:00	27/04/2021 - ANVISA do mal ideologizada que n√£o deixou a vacina sputnik entrar no Brasil	5	139	9
https://twitter.com/gobackto505/status/1387876235167117315	2021-04-29 21:07:34+00:00	29/04/2021 - n√£o pode rir da mo√ßa que comprou blusa da balenciaga pois ela √© negra	1	59	0
https://twitter.com/gobackto505/status/1388463380529401856	2021-04-30	30/04/2021 -  n√£o pode votar para Gil do Vigor ficar no BBB porque se n√£o ele vai se candidatar pelo partido Novo	18	251	22
https://twitter.com/gobackto505/status/1389010955053449216	2021-05-03 00:16:32+00:00	02/05/2021 - isto:  https://t.co/VF1UTCzf9W [tweet de @ademaravilha Eu amo o paulistano que acha S√£o Paulo FODA porque voc√™ consegue pedir comida at√© quatro da manh√£. TIPO???]	6	163	7
https://twitter.com/gobackto505/status/1389377174478721029	2021-05-04 00:31:46+00:00	03/05/2021 - novamente Gil do Vigor sendo acusado de praticar liberalismo porque falou na tv para todos os pobres do Brasil n√£o desistirem dos seus sonhos	26	354	25
https://twitter.com/gobackto505/status/1390816538677190658	2021-05-07 23:51:17+00:00	07/05/2021 - pessoas progressistas tirando sarro do felipe neto por ele ler livros e descobrir coisas que aparentemente todo mundo deveria nascer sabendo (cont√©m ironia)	6	236	4
https://twitter.com/gobackto505/status/1391857681309306885	2021-05-10	09/05/2021 -  um idiota a√≠ falando de SEITA da pff2	7	179	9
https://twitter.com/gobackto505/status/1392253187076370433	2021-05-11 23:00:01+00:00	11/05/2021 - de novo a vida de tina como instrumento da extrema direita	3	159	5
https://twitter.com/gobackto505/status/1392633726530727937	2021-05-13 00:12:08+00:00	12/05/2021 -  √© machismo falar que a gal gadot √© uma arromb%da por ser sionista	24	296	32
https://twitter.com/gobackto505/status/1393627239795752961	2021-05-15 18:00:00+00:00	14/05/2021 - t√£o querendo acabar com o direito do padr√£o vacinar sem camisa	15	230	6
https://twitter.com/gobackto505/status/1394720440283762697	2021-05-18 18:24:00+00:00	16/05/2021 - se voc√™ n√£o comemorar a morte de bruno covas voc√™ n√£o √© malvad√£o comunista, √© s√≥ um performista de esquerda com culpa crist√£	5	170	8
https://twitter.com/gobackto505/status/1394825820661862400	2021-05-19 01:22:44+00:00	18/05/2021 - uma pessoa caiu de um pr√©dio porque supostamente ficou com medo de a esposa descobrir a trai√ß√£o e algu√©m falou que a monogamia mata por causa disso	63	588	146
https://twitter.com/gobackto505/status/1395364419383742468	2021-05-20 13:02:56+00:00	19/05/2021 - uma pessoa criticou algu√©m que saiu a pandemia toda e agora se vacinou com comorbidades e o tuiteiro transformou isso em BRIGA porque tem gente FISCALIZANDO comorbidades	5	233	3
https://twitter.com/gobackto505/status/1396614807579729921	2021-05-23 23:51:32+00:00	23/05/2021 - na passeata do presidente tinha gente comum, trabalhadores, n√£o pode chamar de fascista	4	170	2
https://twitter.com/gobackto505/status/1396978308307378177	2021-05-24 23:55:57+00:00	24/05/2021 - gente dizendo que perfil de divulga√ß√£o de links de pff2 ganham dinheiro das lojas pra isso  um feio falou que fofoca n√£o √© edificante por isso n√£o deve ser feita	15	348	33
https://twitter.com/gobackto505/status/1397336372986400769	2021-05-25 23:38:47+00:00	25/05/2021 - invocaram a carta do feminismo pra defender uma otaria sendo interrompida na cpi	21	282	16
https://twitter.com/gobackto505/status/1397953916546002950	2021-05-27 16:32:41+00:00	26/05/2021- Enzo I falando que o consumo de carne diminuir no brasil era algo bom e felipe transformou a quest√£o sobre ele  gente problematizando que ouve √°udio e consome outros conte√∫dos com velocidade duplicada porque √© falta de responsabilidade afetiva	25	331	31
https://twitter.com/gobackto505/status/1398770854213914626	2021-05-29 22:38:54+00:00	29/05/2021 - cartazes "seu voto matou muita gente" vai fazer as pessoas que votaram no bolsonaro votar nele de novo	11	212	5
https://twitter.com/gobackto505/status/1399196009968906242	2021-05-31 02:48:19+00:00	30/05/2021 - pessoas que passaram todos esses meses dando palco pra vida de tina porque estavam indignados com as esquetes dela agora reclamando de todo mundo que deu palco pra ela (tudo isso porque essa merda resolveu fazer esquete nos protestos de 29 de maio)	3	152	11
https://twitter.com/gobackto505/status/1399739113050345482	2021-06-01	31/05/2021 - f√£s surpresos com uma evang√©lica sendo homof√≥bica	8	205	4
https://twitter.com/gobackto505/status/1400274851382894598	2021-06-03 02:15:15+00:00	01/06/2021 - pediram sororidade e feminismo com uma ot√°ria do caralho respons√°vel indireta por milhares de mortes	7	183	4
https://twitter.com/gobackto505/status/1401948112952991746	2021-06-07 17:04:11+00:00	03/06/2021 - n√£o porque os jogadores da sele√ß√£o s√£o REVOLUCION√ÅRIOS por n√£o querer jogar a copa am√©rica	7	189	15
https://twitter.com/gobackto505/status/1402264149384581122	2021-06-08 14:00:00+00:00	07/06/2021 - um adolescente falando sobre os MALES da pirataria de roupas de grife	11	257	14
https://twitter.com/gobackto505/status/1402959227979763712	2021-06-10 12:02:00+00:00	09/06/2021 - a farm disponibilizou o c√≥digo de vendedora de uma mulher negra que morreu pelas m√£os do Estado e teve gente progressista defendendo loja, divulgando o c√≥digo e depois debochando de quem falou que era uma m√° ideia	11	229	18
https://twitter.com/gobackto505/status/1403401197382516749	2021-06-11 17:18:14+00:00	11/06/2021 - Marcelo Freixo cedeu a agenda liberal saindo do PSOL	3	124	3
https://twitter.com/gobackto505/status/1404225615214133252	2021-06-13 23:54:10+00:00	13/06/2021 - adultos 30+ surtando com dois adolescentes sendo adolescentes e falando mal da roupa dos outros	16	210	14
https://twitter.com/gobackto505/status/1404772173814841345	2021-06-15 12:06:00+00:00	14/06/2021 - proibido ficar feliz que voc√™ vai se vacinar r√°pido isso significa que tem gente n√£o se vacinando  algu√©m contou uma hist√≥ria sobre vacina n√£o ser eficiente, no fim al√©m de reunir uma caralhada de gente apenas uma das pessoas da hist√≥ria havia tomado duas doses	5	209	4
https://twitter.com/gobackto505/status/1404940881573056517	2021-06-15 23:16:23+00:00	15/06/2021 - uma pessoa fez um post para doar uma cachorra de 7 anos pq ela come√ßou a fazer xixi errado descobriram que a mulher tava surtando descobriram que ela j√° foi racista no twitter  e teve o cara reclamando das doa√ß√µes da beyonc√© contra a fome porque ela √© imperialista	8	184	7
https://twitter.com/gobackto505/status/1405903128260665349	2021-06-18 15:00:00+00:00	16/06/2021 - protetora de animais supostamente rouba cachorro  17/06/2021 - infelizmente n√£o vai dar maispra bater uma p* olhando a lata de leite mo√ßa pois a lacra√ß√£o chegou nas imagens utilizadas	8	221	10
https://twitter.com/gobackto505/status/1405984383258054659	2021-06-18 20:22:53+00:00	18/06/2021 - influencer pra inflar suas m√©tricas pergunta o que os adolescentes acham cringe na gera√ß√£o posterior a sua; os adolescentes responderam numa boa e agora tem cacura de 40 anos atacando adolescentes por causa disso	33	371	109
https://twitter.com/gobackto505/status/1406962240058765313	2021-06-21 13:08:32+00:00	20/06/2021 - tripadvisor reclamando que o mbl n√£o participa dos atos com medo de levar paulada	3	109	0
https://twitter.com/gobackto505/status/1406962663943458818	2021-06-21 13:10:13+00:00	21/06/2021 - ivete sangalo se isenta	21	188	16
https://twitter.com/gobackto505/status/1408910504953790464	2021-06-26 22:10:15+00:00	26/06/2021 - cad√™ a sororidade com a mana carla z*?	1	57	4
https://twitter.com/gobackto505/status/1410569999933227009	2021-07-01	30/06/2021 - gostar de frio √© a mesma coisa que ser homof√≥bico	43	312	50
https://twitter.com/gobackto505/status/1411005244826218500	2021-07-02 16:54:00+00:00	01/07/2021 - o governador bolsonarista e gay aliado das manas lgbt	8	211	10
https://twitter.com/gobackto505/status/1411725797027627016	2021-07-04 16:37:13+00:00	03/07/2021 - empatia com rob√¥ apanhando  5 pessoas do pco meteram o cacete em 5 psdbista e isso MANCHOU a moral dos protestos realizados no Brasil inteiro	5	215	13
https://twitter.com/gobackto505/status/1412886812201259013	2021-07-07 21:30:40+00:00	06/07/2021 - pessoas chocadas que a andressa urach ex secret√°ria da damares √© bolsominion  07/07/2021 - n√£o pode misturar cpi com entretenimento  tem que ter sororidade com a advogada com roberto dias	4	195	2
https://twitter.com/gobackto505/status/1414629375199252481	2021-07-12 16:55:00+00:00	11/07/2021 - karen do ibirapuera acusou fam√≠lia de roubar celulares, foi racista, veio para o twitter afirmar que estava certo, e as mamada esperan√ßa apoiaram ele	3	114	12
https://twitter.com/gobackto505/status/1415435305155432452	2021-07-14 22:17:28+00:00	14/07/2021 - colando o tabu falando que n√£o pode desejar o mal para o presidente, cujo o qual est√° embebido na pr√≥pria bosta	23	259	16
https://twitter.com/gobackto505/status/1416006864488239104	2021-07-16 12:08:39+00:00	15/07/2021 -   23h59: viva a ci√™ncia 00h00: vc nao precisa de um profissional especializado pra adquirir um idioma depois de adulto, basta ter contato	12	183	8
https://twitter.com/gobackto505/status/1417284090605277184	2021-07-20 00:43:53+00:00	19/07/2021 - mais uma inovadora esquete sobre o sudestino	6	161	6
https://twitter.com/gobackto505/status/1417979890205437957	2021-07-21 22:48:45+00:00	20/07/2021 - jefferson jefferson foi para o espa√ßo por 10 minutos e foi um show de defesa gr√°tis de zilion√°rio	3	156	5
https://twitter.com/gobackto505/status/1418355269826973698	2021-07-22 23:40:22+00:00	22/07/2021 - √© crime dividir servi√ßo de streaming pra pagar mais barato	6	190	14
https://twitter.com/gobackto505/status/1419791248492273668	2021-07-26 22:46:26+00:00	25/07/2021 - N√£o porque o machismo de voc√™s em colocar a fia do skate como vil√£ da fofoca ol√≠mpica da equipe de skate brasileira	4	132	3
https://twitter.com/gobackto505/status/1420083312564056071	2021-07-27 18:07:00+00:00	26/07/2021 - cobraram posicionamento pol√≠tico de uma crian√ßa de 13 anos  transformaram a medalha dela em olimp√≠ada do oprimido (com 13 anos eu sofria)  cobrar que a let√≠cia bufoni comemore as medalhas dos amigos √© misoginia. √© o comportamento que se espera da mulher (maternal)	20	329	37
https://twitter.com/gobackto505/status/1420494953852153860	2021-07-28 21:22:43+00:00	27/07/2021 - super importante essa reinvindica√ß√£o das roupas das atletas nas olimp√≠adas mas estou sentindo falta MESMO de algo mais revolucion√°rio como atletas com subaco cabeludo	9	200	7
https://twitter.com/gobackto505/status/1422343857757360129	2021-08-02 23:49:36+00:00	02/08/2021 - n√£o porque os camaradas est√£o servindo a interesses imperialistas por mostrar a beira nos fleets	7	152	12
https://twitter.com/gobackto505/status/1424876970215723013	2021-08-09 23:35:17+00:00	09/08/2021 - h√©teros impressionados com ex bbb recebendo cunete gays falando "n√£o sei porque h√©teros impressionados com cunete todo o dia enfiam o bra√ßo no nosso cu" gente quotando tweet sobre cunete falando "parem de ver pornografia"	28	230	39
https://twitter.com/gobackto505/status/1427056347502292992	2021-08-15	15/08/2021 - a jornalista que n√£o sabia que a m√∫sica panela velha √© que faz comida boa fala sobre BUCETA	23	302	49
https://twitter.com/gobackto505/status/1429953851860398082	2021-08-23 23:49:00+00:00	22/08/2021 - sou a favor da gasolina cara porque ajuda a popula√ß√£o a procurar alternativas mais sustent√°veis de transporte  22/08/2021 (noite) - cox√£o do lula  23/08/2021 - n√£o sou a favor de doa√ß√£o de absorvente porque polui o meio ambiente	31	355	36
https://twitter.com/gobackto505/status/1430644827889283075	2021-08-25 21:34:41+00:00	24/08/2021 - ningu√©m fala mal de bilion√°rios como o jeff bezos mas da beyonc√© com o diamante est√£o falando mal que ela √© bilion√°ria	11	196	4
https://twitter.com/gobackto505/status/1430645283428384783	2021-08-25 21:36:30+00:00	25/08/2021 - a problem√°tica de xuxa ser a apresentadora do drag race brasil como se a pr√≥pria rupaul n√£o fosse respons√°vel pela cria√ß√£o da dengue, chikunguya, perfura√ß√£o de po√ßos de petr√≥leo, transfobia e outras coisas	41	349	35
https://twitter.com/gobackto505/status/1431679303813586949	2021-08-28 18:05:20+00:00	27/08/2021 - influencer bafuda aconselhando a colocar √≥leo essencial na PFF2 pra tirar "cheiro" "de" "m√°scara"	15	219	15
https://twitter.com/gobackto505/status/1432456569451597833	2021-08-30 21:33:54+00:00	29/08/2021 - o pinto de ney matogrosso  o sex√≥logo ex bbb amarrado igual um tender	18	245	43
https://twitter.com/gobackto505/status/1433588166846554113	2021-09-03 00:30:28+00:00	01/09/2021 - o m√©dico que relatou que algu√©m foi demitido porque rasurou um atestado por ele e achou que seria ovacionado nesse umbral  02/09/2021 - se voc√™ faz chacota do restaurante coco bangu voc√™ odeia pobre	8	195	12
https://twitter.com/gobackto505/status/1434537686401011717	2021-09-05 15:23:31+00:00	03/09/2021 - voc√™ que √© monog√¢mico est√° muito mais pr√≥ximo do bolsocorno do que gostaria	29	266	38
https://twitter.com/gobackto505/status/1441885437442748434	2021-09-25 22:00:51+00:00	25/09/2021 - aconteceu o que aconteceu com o n* do b* porque ele foi palmitar	2	112	6
https://twitter.com/gobackto505/status/1448003557266018305	2021-10-12 19:12:05+00:00	12/10/2021 - se voc√™ vai na casa de algu√©m √© dever moral lavar a lou√ßa	12	207	21
https://twitter.com/gobackto505/status/1451987118012698626	2021-10-23 19:01:20+00:00	22/10/2021 - um usu√°rio do twitter que √© chef de cozinha teve a conta denunciada e suspensa por discurso de √≥dio. o motivo? postou um prato de salm√£o que ele fez e falaram que era falta de empatia com quem passa fome	51	441	77
https://twitter.com/gobackto505/status/1452716361663275017	2021-10-25 19:19:05+00:00	25/10/2021 - parem de dizer que o apito do microondas √© passivo agressivo	26	273	28
https://twitter.com/gobackto505/status/1454524585911721987	2021-10-30 19:04:19+00:00	29/10/2021 - o jogador de v√¥lei ganhou seguidores no instagram e a culpa √© de quem denunciou homofobia e cobrou os patrocinadores do time que ele jogava  e  bait sobre canibalismo	11	243	9
https://twitter.com/gobackto505/status/1454941135458250752	2021-10-31 22:39:32+00:00	31/10/2021 - mas tamb√©m teve quem julgou pela aglomera√ß√£o mesmo https://t.co/fD0GiMkebs ["Bom dia amizades, queria dizer que estou julgandobastante todo mundo que t√° comemorando festinha de Halloween. Por causa da pandemia? N√£o, porque √© um feriado estadunidense. T√¥ julgando bastante todos vcs."]	7	205	4
https://twitter.com/gobackto505/status/1456012785947717641	2021-11-03 21:37:54+00:00	02/11/2021 - pessoas defendendo o direito de uma pessoa rica humilhar funcion√°rios de um aeroporto e se comportarem como animais de zool√≥gico	6	137	7
https://twitter.com/gobackto505/status/1456684005802356739	2021-11-05 18:05:05+00:00	03/11/2021 - a fantasia de enfermeira de bruna marquezine ajuda na sexualiza√ß√£o das enfermeiras pelo brasil	25	295	35
https://twitter.com/gobackto505/status/1456684243376037891	2021-11-05 18:06:02+00:00	04/11/2021 - andar com a shoshanna depilada √© essencial porque se voc√™ sofrer um acidente ou morrer, √© um residente que vai ser o ricardo salles da sua mata atl√¢ntica	75	531	90
https://twitter.com/gobackto505/status/1456988593616998403	2021-11-06 14:15:24+00:00	05/11/2021 - tive uma experi√™ncia ruim com um psiquiatra e medicamentos portando TODOS os psiquiatras e todos os tratamentos medicamentosos s√£o ruins	32	432	45
https://twitter.com/gobackto505/status/1458086532972171265	2021-11-09 14:58:14+00:00	08/11/2021 - Monogamia em todas as √°reas https://t.co/96jHwpo2Vd	11	208	54
https://twitter.com/gobackto505/status/1458933735097831430	2021-11-11 23:04:42+00:00	10/11/2021 - p√∫blico fica chocado que a alexa coleta dados de voz dos usu√°rios	32	334	9
https://twitter.com/gobackto505/status/1459498760208322569	2021-11-13 12:29:55+00:00	12/11/2021 - humor h√©tero	10	144	5
https://twitter.com/gobackto505/status/1463678137267630081	2021-11-25 01:17:16+00:00	22/11/2021 - o tribunal de pequenas causas chegou firme nesse https://t.co/Z87qR4EHHB [tweet de @anaclaraac Voc√™s ainda odeiam a segunda feira? Pq eu odiava, agora adoro, quero saber se √© a idade, maturidade, o tempo ou desvio de car√°ter]	16	285	2
https://twitter.com/gobackto505/status/1464012899882524677	2021-11-25 23:27:30+00:00	25/11/2021 - o show de jo√£o gomes em mossor√≥ e a terr√≠vel estudante de engenharia civil que resolveu falar dos malef√≠cios do caf√©	16	240	9
https://twitter.com/gobackto505/status/1464014200691437573	2021-11-25 23:32:40+00:00	24/11/2021 - dos mesmos criadores de bala de prata do governo temer e olavo viajou com avi√£o da fab para fora do pa√≠s veio a√≠ a queda da rep√∫blica que n√£o caiu	8	145	6
https://twitter.com/gobackto505/status/1465326074729050118	2021-11-29 14:25:35+00:00	26/11/2021 - voc√™s do sudeste chamam o feij√£o bahiano de feijoada porque n√£o sabem cozinhar	3	142	9
https://twitter.com/gobackto505/status/1465326402333560837	2021-11-29 14:26:53+00:00	28/11/2021 - o incr√≠vel mundo do eu https://t.co/mVQ74KSt7h [tweet de @pretademaiss Marco Pigossi, que √© um artista super famoso, assumiu um relacionamento com um homem. Marco em nenhum momento afirmou ser gay mas as pessoas simplesmente assumiram que ele √©! A bissxualidade √© INVIS√çVEL pra essa galera!]	32	324	42
https://twitter.com/gobackto505/status/1465629778892009474	2021-11-30 10:32:24+00:00	29 e madrugada do dia 30/11/2021 - A suposta morte do suposto adm do perfil sat√≠rico Coronel Siqueira e a reportagem do DCM que culminou em um barraco √©pico nos spaces entre o jornalista que fez a mat√©ria √© uma jornalista chapada de zolpidem	15	328	37
https://twitter.com/gobackto505/status/1466492587385266181	2021-12-02 19:40:53+00:00	01/12/2021 - S√£o Paulo n√£o tem nenhuma vista bonita  02/12/2021 - tudo que tem de bonito em S√£o Paulo √© inacess√≠vel para pessoas pobres	61	642	93
https://twitter.com/gobackto505/status/1466874887666995202	2021-12-03 21:00:01+00:00	03/12/2021 - quer me entrevistar para seu tccis? me pague  reclamar do design esquisito do spotify wrapped √© ser conservador (a frase "menos √© mais" foi elaborada por um arquiteto com tend√™ncias nazistas)  o pessoal do twitter descobriu a minha ata do tribunal de pequenas causas	24	481	12
https://twitter.com/gobackto505/status/1467264122597298179	2021-12-04 22:46:41+00:00	04/12/2021 - voc√™s est√£o espantados com a michele bolsonaro falando em l√≠nguas porque s√£o burgueses que nunca foram na periferia   refrigerante com gosto diferente em garrafa de vidro √© del√≠rio coletivo  discuss√£o da tipografia do spotify wrapped (remix)	6	245	9
https://twitter.com/gobackto505/status/1467599663637282818	2021-12-05 21:00:01+00:00	05/12/2021 - mulher esquece de aguar e dar banho de sol em espada de s√£o jorge e posta a foto da planta toda smilinguida com a legenda "recebi uma visita e a espada de s√£o jorge ficou assim"	38	400	14
https://twitter.com/gobackto505/status/1467612422798249989	2021-12-05 21:50:43+00:00	05/12/2021 [direito de resposta] - o PRECONCEITO RELIGIOSO de quem atribui quest√µes cient√≠ficas para a espada de s√£o jorge ficar smilinguida	24	306	8
https://twitter.com/gobackto505/status/1467982431974273026	2021-12-06 22:21:00+00:00	06/12/2021 - Se vc tem menos de 40 anos e n√£o est√° fazendo planos pra sair do Brasil, vc est√° fazendo isso errado. N√£o vai sobrar nada por aqui.  z√© vaqueiro cantando por supuesto da marina sena ataque aos lgbts que n√£o tem paz nunca  seu ex mora no seu √∫tero (jatada qu√¢ntica)	33	393	38
https://twitter.com/gobackto505/status/1468343503130349571	2021-12-07 22:15:46+00:00	07/12/2021 - crise geracional na terceira idade do twitter porque NINGU√âM SABE quem √© gkay   a jatada qu√¢ntica do ex construiu kitnets e colocou pra alugar na cabe√ßa do tuiteiro	32	310	20
https://twitter.com/gobackto505/status/1468695046165835779	2021-12-08 21:32:40+00:00	08/12/2021 - se voc√™ n√£o sabe quem √© a gkay n√£o est√£o por dentro da cultura consumida pelas GRANDES MASSAS (o pobre como muleta pra ganhar discuss√£) o pa√≠s sem saneamento passando fome e voc√™s falando de festa de rico  brancos classe m√©dia querem empurrar goela abaixo influencer	20	251	12
https://twitter.com/gobackto505/status/1469049216823705610	2021-12-09 21:00:01+00:00	09/12/2021 - pessoas que acham que milit√¢ncia √© apenas digitar uns caracteres na net falando do brunch ELITISTA da catedral da s√© enquanto tem gente passando fome logo ali embaixo (valor caro, mas √© um caf√© beneficente que converte o valor para auxiliar moradores de rua)	5	165	9
https://twitter.com/gobackto505/status/1469494875913601025	2021-12-11 02:30:54+00:00	10/12/2021 - o cruzeiro das gays (finalmente um tema feliz que fornece ENTRETENIMENTO)	22	317	20
https://twitter.com/gobackto505/status/1469801501325418500	2021-12-11 22:49:20+00:00	11/12/2021 - ainda o lance do cruzeiro, inclusive engajem com essa mona que t√° fazendo a cobertura pra ano que vem ela ganhar uma vaguinha no cruzeiro https://t.co/kF1RrgmLlP	7	164	3
https://twitter.com/gobackto505/status/1470171586540019720	2021-12-12 23:19:55+00:00	12/12/2021 - acabou o cruzeiro dos gays e voltou a terr√≠vel pauta S√£o Paulo √© uma cidade feia  Jogo do Bicho era moda no passado, nos anos 90 e 2000	3	189	1
https://twitter.com/gobackto505/status/1470523150437949441	2021-12-13 22:36:54+00:00	13/12/2021 - jair k rowling falando contra trans novamente pra dar um empurr√£ozinho na divulga√ß√£o do novo filme gente dizendo que n√£o vai parar de ver os filmes porque tem toda uma cadeia de produ√ß√£o e n√£o √© s√≥ ela gente dizendo que ela sofre cancelamento por ser mulher	9	194	11
https://twitter.com/gobackto505/status/1470885855317352454	2021-12-14 22:38:10+00:00	14/12/2021 - faculdade ser√° luxo da burguesia que estuda em col√©gios particulares porque o governo est√° incentivando o jovem a fazer curso t√©cnico (mais um retrato do progressista que saca o pobre da cartola e acaba deixando preconceito a mostra	8	155	2
https://twitter.com/gobackto505/status/1471220826225664003	2021-12-15 20:49:13+00:00	15/12/2021 - pessoas discutindo s√©rio se a express√£o ‚Äúx √© meu bra√ßo direito‚Äù √© capacitista sem nenhum conhecimento sobre a origem da express√£o apenas certezas   tamb√©m pessoas surpresas que Lula n√£o est√° de olho em um vice de esquerda	9	190	5
https://twitter.com/gobackto505/status/1471580613614481409	2021-12-16 20:38:53+00:00	16/12/2021 - pessoas discutindo s√©rio que gr√°vida que n√£o gosta que estranhos passem a m√£o na barriga dela √© mal educada, teve at√© a invoca√ß√£o de um local de fala‚Ä¶nordestinas que gostam de toques https://t.co/hwrBZdInQO	16	234	27
https://twitter.com/gobackto505/status/1471943697537376263	2021-12-17 20:41:39+00:00	17/12/2021 - n√£o se relacione, trabalhe   nas salas de cinema do brasil s√≥ passa filme americano porque o cineasta brasileiro s√≥ sabe fazer filme pra quem tem o cabelo azul	23	268	18
https://twitter.com/gobackto505/status/1472335246830059526	2021-12-18 22:37:32+00:00	18/12/2021 - um grande streamer do pa√≠s que faz falas contra o preconceito ganhou um grande pr√™mio e nenhum quadro importante da esquerda brasileira o parabenizou, isso √© grave   elitismo puro se chocar com gente se mamando no cinema, tem gente que n√£o tem dinheiro para motel	18	210	15
https://twitter.com/gobackto505/status/1472689390359130114	2021-12-19 22:04:46+00:00	19/12/2021 - homem relata no twitter a SURPRESA em ver uma mulher de 25-30 anos SOZINHA e INDEPENDENTE no cinema   quem gosta de cachorro √© possessivo e controlador, quer um ser que lhe sirva. Quem gosta de gato tem um esp√≠rito mais livre	18	337	28
https://twitter.com/gobackto505/status/1473043027580973060	2021-12-20 21:30:00+00:00	20/12/2021 - os camaradas est√£o nervosos porque pelo que tudo indica o Lula n√£o escolheu algu√©m do povo sovi√©tico como vice  que cozinha afetiva √© essa que cobra mais caro que as cozinhas capitalistas, que afeto √© esse? (as pessoas EXPLICANDO o que era para o pobi que fez a piad	16	231	10
https://twitter.com/gobackto505/status/1473392947651661834	2021-12-21 20:40:27+00:00	21/12/2021 - √≠caro silva REVOLTADO com boatos que estaria no bbb, falou que era entretenimento med√≠ocre e arrematou com um "big boster brasil"  tiago leifert fez text√£o: "n√≥s que pagamos o seu sal√°rio" e ex bbb's que ningu√©m lembrava da exist√™ncia OVACIONARAM seu texto	10	224	4
https://twitter.com/gobackto505/status/1473795422409867270	2021-12-22 23:19:45+00:00	22/12/2021 - √≠caro silva mostra em texto que tiago leifert √© o verdadeiro alienado no seu mundinho  mulher √© antissemita para defender √≠caro silva  lula faz tweet conciliador e choca os 10 membros do Levante com o Maduro que esperavam MAIS dele e est√£o √°vidos para aconselh√°-lo	16	296	4
https://twitter.com/gobackto505/status/1474134791339581446	2021-12-23 21:48:17+00:00	23/12/2021 - nerdola chatiado que os tiros em Matrix n√£o parecem reais  tuiteiros criaram um novo inimigo que √© a pessoa que fala MAL de mc loma (ningu√©m falou mal)  padezeiros revoltados com uma pessoa que falou sobre como oferecer cocaina como se fosse NADA √© ego√≠smo	15	324	10
https://twitter.com/gobackto505/status/1474485029501812736	2021-12-24 21:00:00+00:00	24/12/2021 - criadora de conte√∫do sobre cinema surpreende ao dizer que o filme O Diabo Veste Prada envelheceu mal porque romantiza comportamentos t√≥xicos da ind√∫stria da moda  mais tarde disse que era s√≥ uma brincadeira e ficou de deboche pra disfar√ßar falta de profundidade	35	508	38
https://twitter.com/gobackto505/status/1474859070993715207	2021-12-25 21:46:18+00:00	25/12/2021 - a prova viva do que √© esse site, tem f√£ de choque de cultura bravo COMIGO, gente falando que a discuss√£o da big shoshanna no morro √© v√°lida SIM e f√£ teen de cantora me xingando  e √© claro, fui chamada de fascista  https://t.co/TMG65rQzg0	2	166	3
https://twitter.com/gobackto505/status/1475201044888145922	2021-12-26 20:25:11+00:00	26/12/2021 - algu√©m escreveu que se uma piada com indicador de tom perde a gra√ßa √© porque a piada √© ruim, algu√©m tirou print e a bolha progressista atingida pelo tweet  se dividiu em  nossa acabou a figura de linguagem imagina essa pessoa lendo um LIVRO	4	61	1
https://twitter.com/gobackto505/status/1475201049187213315	2021-12-26 20:25:12+00:00	tamb√©m 26/12/2021 - pessoas chateadas com tom holland que DIZ n√£o conhecer almod√≥var e pessoas chateadas com as pessoas chateadas pelo tom holland DIZER n√£o conhecer almod√≥var	9	96	7
https://twitter.com/gobackto505/status/1475612586725019654	2021-12-27 23:40:30+00:00	27/12/2021 - o filme novo da netflix nem √© tudo isso vs o novo filme da netflix √© muuuito necess√°rio üëèüèªüëèüèªüëèüèªüëèüèª  pessoas bravas porque direitistas n√£o entenderam a mensagem intr√≠nseca do filme e est√£o achando que o meteoro √© analogia pra vacina	9	106	2
https://twitter.com/gobackto505/status/1475946223916003331	2021-12-28 21:46:16+00:00	28/12/2021 - mulher que performa revolu√ß√£o nas redes achou caro o valor de 50 reais que prestador de servi√ßo cobrou pra trocar a boia da caixa d‚Äô√°gua, se espanta que n√£o acharam legal a atitude dela e justifica ‚Äúgente ele √© bolsominion‚Äù   da pr√≥xima usa reiki dizem internautas	7	134	1
https://twitter.com/gobackto505/status/1476312561138253839	2021-12-29 22:01:57+00:00	29/12/2021 - a militante antigordofobia foi, finalmente, t√£o gordofobica quanto todo o discurso real dela  pesar o saco do marido pra ver se foi tra√≠da   quem gosta de chuva √© burgu√™s safado   os consumidores que devem cobrar puni√ß√£o pelo trabalho escravo de lojas de fast shop	5	144	13
https://twitter.com/gobackto505/status/1476673823722328066	2021-12-30 21:57:29+00:00	30/12/2021 - um perfil postou ‚ÄúTEM HORAS que a maconha √© a Ivermectina da esquerda‚Äù e foi acusado de querer criminalizar a maconha, virou inimigo de todos os perfis com baixa interpreta√ß√£o de texto e o pior liberal de todos os tempos al√©m de fascista otario	5	62	3
https://twitter.com/gobackto505/status/1476674325356896258	2021-12-30 21:59:29+00:00	30/12/2021 - tamb√©m ainda a discuss√£o de humor h√©tero e gente querendo ganhar engajamento falando mal do Casimiro e uma mediciner que disse que n√£o adianta ficar 6h no posto com s√≠ndrome gripal se voc√™ sabe que o m√©dico s√≥ vai te receitar dipirona e repouso	1	42	1